1,http://www.stacato.co.kr/productview.html?puid=103,mtb,../../img/thumbnails/mtb/mtb_스타카토_24 타이론GS.png,스타카토,24 타이론 GS,170000
2,http://www.stacato.co.kr/productview.html?puid=106,mtb,../../img/thumbnails/mtb/mtb_스타카토_20 스카우트 207.png,스타카토,20 스카우트 207,215000
3,http://www.stacato.co.kr/productview.html?puid=107,mtb,../../img/thumbnails/mtb/mtb_스타카토_22 스타우트 DX.png,스타카토,22 스타우트 DX,225000
4,http://www.stacato.co.kr/productview.html?puid=125,mtb,../../img/thumbnails/mtb/mtb_스타카토_26 배드보이.png,스타카토,26 배드보이,500000
5,http://www.stacato.co.kr/productview.html?puid=115,mtb,../../img/thumbnails/mtb/mtb_스타카토_26 슈퍼노바 621D.png,스타카토,26 슈퍼노바 621D,300000
6,http://www.stacato.co.kr/productview.html?puid=117,mtb,../../img/thumbnails/mtb/mtb_스타카토_27.5 슈퍼노바 500D.png,스타카토,27.5 슈퍼노바 500D,440000
7,http://www.stacato.co.kr/productview.html?puid=119,mtb,../../img/thumbnails/mtb/mtb_스타카토_27.5 이그나이트 3.0D.png,스타카토,27.5 이그나이트 3.0D,720
8,http://www.stacato.co.kr/productview.html?puid=121,mtb,../../img/thumbnails/mtb/mtb_스타카토_27.5 팀 M1.png,스타카토,27.5 팀 M1,499000
9,http://www.stacato.co.kr/productview.html?puid=123,mtb,../../img/thumbnails/mtb/mtb_스타카토_27.5 팀 M3.png,스타카토,27.5 팀 M3,890000
10,http://www.giant-korea.com/product_view.php?idx=2502&p_type=giant&p_cate1=365&p_cate2=366,mtb,../../img/thumbnails/mtb/mtb_자이언트_Anthem 1.jpg,자이언트,Anthem 1,4250000
11,http://www.giant-korea.com/product_view.php?idx=2503&p_type=giant&p_cate1=365&p_cate2=366,mtb,../../img/thumbnails/mtb/mtb_자이언트_Anthem Advanced 1.jpg,자이언트,Anthem Advanced 1,4950000
12,http://www.giant-korea.com/product_view.php?idx=2493&p_type=giant&p_cate1=365&p_cate2=370,mtb,../../img/thumbnails/mtb/mtb_자이언트_Glory 1.jpg,자이언트,Glory 1,5000000
13,http://www.giant-korea.com/product_view.php?idx=2496&p_type=giant&p_cate1=365&p_cate2=369,mtb,../../img/thumbnails/mtb/mtb_자이언트_Reign Advanced 1.jpg,자이언트,Reign Advanced 1,5700000
14,http://www.giant-korea.com/product_view.php?idx=2490&p_type=giant&p_cate1=365&p_cate2=371,mtb,../../img/thumbnails/mtb/mtb_자이언트_Talon 1.jpg,자이언트,Talon 1,860000
15,http://www.giant-korea.com/product_view.php?idx=2499&p_type=giant&p_cate1=365&p_cate2=368,mtb,../../img/thumbnails/mtb/mtb_자이언트_Trance 1.jpg,자이언트,Trance 1,3800000
16,http://www.giant-korea.com/product_view.php?idx=2498&p_type=giant&p_cate1=365&p_cate2=368,mtb,../../img/thumbnails/mtb/mtb_자이언트_Trance 2.jpg,자이언트,Trance 2,3100000
17,http://www.giant-korea.com/product_view.php?idx=2475&p_type=giant&p_cate1=365&p_cate2=367,mtb,../../img/thumbnails/mtb/mtb_자이언트_XTC Advanced 1.jpg,자이언트,XTC Advanced 1,3850000
18,http://www.giant-korea.com/product_view.php?idx=2476&p_type=giant&p_cate1=365&p_cate2=367,mtb,../../img/thumbnails/mtb/mtb_자이언트_XTC Advanced 2.jpg,자이언트,XTC Advanced 2,2600000
19,http://www.giant-korea.com/product_view.php?idx=2492&p_type=giant&p_cate1=365&p_cate2=367,mtb,../../img/thumbnails/mtb/mtb_자이언트_XTC SLR 3.jpg,자이언트,XTC SLR 3,1450000
20,https://www.samchuly.co.kr/index.php/bicycle/view?no=797&code=T001001&type=style&scrollTop=1700,mtb,../../img/thumbnails/mtb/mtb_삼천리_M JR.png,삼천리,M JR,385000
21,https://www.samchuly.co.kr/index.php/bicycle/view?no=794&code=T001001&type=style&scrollTop=1109,mtb,../../img/thumbnails/mtb/mtb_삼천리_M5.png,삼천리,M5,700000
22,https://www.samchuly.co.kr/index.php/bicycle/view?no=793&code=T001001&type=style&scrollTop=609,mtb,../../img/thumbnails/mtb/mtb_삼천리_M7.png,삼천리,M7,1050000
23,https://www.samchuly.co.kr/index.php/bicycle/view?no=792&code=T001001&type=style&scrollTop=409,mtb,../../img/thumbnails/mtb/mtb_삼천리_M9.png,삼천리,M9,1600000
24,https://www.samchuly.co.kr/index.php/bicycle/view?no=791&code=T001001&type=style&scrollTop=4522,mtb,../../img/thumbnails/mtb/mtb_삼천리_라이노.png,삼천리,라이노,3200000
25,https://www.samchuly.co.kr/index.php/bicycle/view?no=813&code=T001001&type=style&scrollTop=2900,mtb,../../img/thumbnails/mtb/mtb_삼천리_칼라스 35.png,삼천리,칼라스 35,560000
26,https://www.samchuly.co.kr/index.php/bicycle/view?no=811&code=T001001&type=style&scrollTop=2500,mtb,../../img/thumbnails/mtb/mtb_삼천리_칼라스 70.png,삼천리,칼라스 70,920000
27,https://www.samchuly.co.kr/index.php/bicycle/view?no=814&code=T001001&type=style&scrollTop=3200,mtb,../../img/thumbnails/mtb/mtb_삼천리_칼라스 JR.png,삼천리,칼라스 JR,890000
28,http://www.altonsports.co.kr/products/793?cateid=14,mtb,../../img/thumbnails/mtb/mtb_알톤_M4.jpg,알톤,M4,519000
29,http://www.altonsports.co.kr/products/758?cateid=14,mtb,../../img/thumbnails/mtb/mtb_알톤_노바투스.jpg,알톤,노바투스,642000
30,http://www.altonsports.co.kr/products/796?cateid=14,mtb,../../img/thumbnails/mtb/mtb_알톤_맨하탄 26GS.jpg,알톤,맨하탄 26GS,182000
31,http://www.altonsports.co.kr/products/795?cateid=14,mtb,../../img/thumbnails/mtb/mtb_알톤_맨하탄 26SF.jpg,알톤,맨하탄 26SF,200000
32,http://www.altonsports.co.kr/products/753?cateid=14,mtb,../../img/thumbnails/mtb/mtb_알톤_샌드스톤 2.5D.jpg,알톤,샌드스톤 2.5D,431000
33,http://www.altonsports.co.kr/products/752?cateid=14,mtb,../../img/thumbnails/mtb/mtb_알톤_샌드스톤 3.0D.jpg,알톤,샌드스톤 3.0D,513000
34,http://www.altonsports.co.kr/products/750?cateid=14,mtb,../../img/thumbnails/mtb/mtb_알톤_샌드스톤 5.0D.jpg,알톤,샌드스톤 5.0D,671000
35,http://www.altonsports.co.kr/products/759?cateid=14,mtb,../../img/thumbnails/mtb/mtb_알톤_콜리스21.jpg,알톤,콜리스21,257000
36,http://www.elfama.com/goods/view.php?ars_no=94imEIb8kbgDN1EHLWMXf_HH8SVT2kmBH90l60Vjko_eRyw8,mtb,../../img/thumbnails/mtb/mtb_엘파마_FANTASIA G TEAM EDITION.jpg,엘파마,FANTASIA G TEAM EDITION,8500000
37,http://www.elfama.com/goods/view.php?ars_no=_SGp0POWKRdBBNGoun-KseDb-I-U_Gq2Y7FaARZgYXkOBy4F,mtb,../../img/thumbnails/mtb/mtb_엘파마_FANTASIA S7 27.5 S8500.jpg,엘파마,FANTASIA S7 27.5 S8500,3790000
38,http://www.elfama.com/goods/view.php?ars_no=Af1_rS6HIsTt_KljhxZ40JYkkDYMssALmMt2TLEWH2k9OHyq,mtb,../../img/thumbnails/mtb/mtb_엘파마_FANTASIA S7 27.5 S9000.jpg,엘파마,FANTASIA S7 27.5 S9000,5650000
39,http://www.elfama.com/goods/view.php?ars_no=T_e42gLSVpQFHXSALusc_-MbFVvVe2-vldZqj7VZvDcaigP3,mtb,../../img/thumbnails/mtb/mtb_엘파마_LUXON S-CLASS 27.5 L9700 Si2.jpg,엘파마,LUXON S-CLASS 27.5 L9700 Si2,9690000
40,http://www.elfama.com/goods/view.php?ars_no=fE0egARgXg83Y5mSzRyhXE9Wz_DHTxbFE5W_aowp_sRYWlMa,mtb,../../img/thumbnails/mtb/mtb_엘파마_MAX 27.5 M6000.jpg,엘파마,MAX 27.5 M6000,820000
41,http://www.elfama.com/goods/view.php?ars_no=wRv3k1XGXst3Ndyu636miWDgyyh0vOzrfqTOcpzDJX0ujbHT,mtb,../../img/thumbnails/mtb/mtb_엘파마_PACE 26 P7000.jpg,엘파마,PACE 26 P7000,1550000
42,http://www.elfama.com/goods/view.php?ars_no=vg4GCrqqE5KVMKOVtCahivt24d1OR307EGVrAvq1Wu8Aqkz-,mtb,../../img/thumbnails/mtb/mtb_엘파마_PACE 27.5 P8100.jpg,엘파마,PACE 27.5 P8100,1890000
43,http://www.elfama.com/goods/view.php?ars_no=gZgOrFRPiE8OhSgJVCtHJlzx7KwFLITF1ZPgreJk1s9zcXkr,mtb,../../img/thumbnails/mtb/mtb_엘파마_Ventor 27.5 V2000.jpg,엘파마,Ventor 27.5 V2000,390000
44,http://www.stacato.co.kr/productview.html?puid=136,road,../../img/thumbnails/road/로드_스타카토_르시엘.png,스타카토,르시엘,210000
45,http://www.stacato.co.kr/productview.html?puid=137,road,../../img/thumbnails/road/로드_스타카토_스털링R.png,스타카토,스털링R,330000
46,http://www.stacato.co.kr/productview.html?puid=138,road,../../img/thumbnails/road/로드_스타카토_팀R1.png,스타카토,팀R1,599000
47,http://www.stacato.co.kr/productview.html?puid=139,road,../../img/thumbnails/road/로드_스타카토_팀R3.png,스타카토,팀R3,720000
48,http://www.giant-korea.com/product_view.php?idx=2524&p_type=giant&p_cate1=348&p_cate2=602,road,../../img/thumbnails/road/로드_자이언트_ContendSL1DISC.jpg,자이언트,Contend SL 1 DISC,1400000
49,http://www.giant-korea.com/product_view.php?idx=2523&p_type=giant&p_cate1=348&p_cate2=602,road,../../img/thumbnails/road/로드_자이언트_ContendSL1.jpg,자이언트,Contend SL1,1350000
50,http://www.giant-korea.com/product_view.php?idx=2522&p_type=giant&p_cate1=348&p_cate2=602,road,../../img/thumbnails/road/로드_자이언트_ContendSL2.jpg,자이언트,Contend SL2,1050000
51,http://www.giant-korea.com/product_view.php?idx=2527&p_type=giant&p_cate1=348&p_cate2=350,road,../../img/thumbnails/road/로드_자이언트_DefyAdvanced2.jpg,자이언트,Defy Advanced 2,2050000
52,https://www.samchuly.co.kr/index.php/bicycle/view?no=799&code=T001002&type=style&scrollTop=500,road,../../img/thumbnails/road/로드_삼천리_R10.png,삼천리,R10,1400000
53,https://www.samchuly.co.kr/index.php/bicycle/view?no=818&code=T001002&type=style&scrollTop=1900,road,../../img/thumbnails/road/로드_삼천리_XPS18.png,삼천리,XRS 18,600000
54,https://www.samchuly.co.kr/index.php/bicycle/view?no=820&code=T001002&type=style&scrollTop=2400,road,../../img/thumbnails/road/로드_삼천리_XPS14.png,삼천리,XRS 14,460000
55,https://www.samchuly.co.kr/index.php/bicycle/view?no=858&code=T001002&type=style&scrollTop=3200,road,../../img/thumbnails/road/로드_삼천리_랠리100.png,삼천리,랠리 100,250000
56,https://www.samchuly.co.kr/index.php/bicycle/view?no=798&code=T001002&type=style&scrollTop=4000,road,../../img/thumbnails/road/로드_삼천리_오르비스.png,삼천리,오르비스,2000000
57,http://www.altonsports.com/products/761?brandid=5,road,../../img/thumbnails/road/로드_알톤_자비스14.jpg,알톤,자비스14,473000
58,http://www.altonsports.com/products/762?brandid=5,road,../../img/thumbnails/road/로드_알톤_자비스21.jpg,알톤,자비스21,374000
59,http://www.elfama.com/goods/view.php?ars_no=h5E_yOMOT8ARBCyj8ALnkJHikcNtYXji5f0jlrxCas3tEhOM,road,../../img/thumbnails/road/로드_엘파마_FR1 F9100.jpg,엘파마,FR1 F9100,7580000
60,http://www.elfama.com/goods/view.php?ars_no=jjQbQUeudoOA3i3HJLquF6LHE-adWDKo7Nd1G8C9hWKR8Ng0,road,../../img/thumbnails/road/로드_엘파마_FR1 F8050 Di2.jpg,엘파마,FR1 F8050 Di2,6500000
61,http://www.elfama.com/goods/view.php?ars_no=sMdO1OBbPcY88sSFw822XflGX1_A5jPbIRi4cCRQoOxe21GN,road,../../img/thumbnails/road/로드_엘파마_QUANTUM A8000.jpg,엘파마,QUANTUM A8000,3500000
62,http://www.elfama.com/goods/view.php?ars_no=HAzsSj8UXkr9ikc6hN7v3W8R1l67cE_3uLNhJdotBDNLTWcf,road,../../img/thumbnails/road/로드_엘파마_RADAR R8000.jpg,엘파마,RADAR R8000,2150000
63,http://www.elfama.com/goods/view.php?ars_no=RHt6FNt4dJNojWALJlZDoASIWAO5KIetK5NPl8M3tE6Jmp3T,road,../../img/thumbnails/road/로드_엘파마_RADAR DISC R5800MD.jpg,엘파마,RADAR DISC R5800MD,2100000
64,http://www.elfama.com/goods/view.php?ars_no=OgWBaz0bSKmhdj_NpgWtaik_IgCejSiBSvYkldUoOPbU93_S,road,../../img/thumbnails/road/로드_엘파마_EPOCA E5800.jpg,엘파마,EPOCA E5800,1250000
65,http://www.elfama.com/goods/view.php?ars_no=O4u-NLiBOhNKcu41n93q6x5pc4d6L7RNK-X3lHkEfNYF4U_z,road,../../img/thumbnails/road/로드_엘파마_EPOCA E3500.jpg,엘파마,EPOCA E3500,780000
66,https://www.samchuly.co.kr/index.php/bicycle/view?no=832&code=T002004&type=style&scrollTop=1928,mini,../../img/thumbnails/mini/미니벨로_삼천리_글라시어.png,삼천리,글라시어,350000
67,https://www.samchuly.co.kr/index.php/bicycle/view?no=860&code=T002004&type=style&scrollTop=1300,mini,../../img/thumbnails/mini/미니벨로_삼천리_애스크.png,삼천리,애스크,250000
68,https://www.samchuly.co.kr/index.php/bicycle/view?no=859&code=T002004&type=style&scrollTop=600,mini,../../img/thumbnails/mini/미니벨로_삼천리_에보니.png,삼천리,에보니,325000
69,http://www.stacato.co.kr/productview.html?puid=130,mini,../../img/thumbnails/mini/미니벨로_스타카토_20에페.png,스타카토,20에페,210000
70,http://www.altonsports.com/products/768?brandid=5,mini,../../img/thumbnails/mini/미니벨로_알톤_맥밀란16.png,알톤,맥밀란16,339000
71,http://www.altonsports.com/products/767?brandid=5,mini,../../img/thumbnails/mini/미니벨로_알톤_맥밀란20.png,알톤,맬밀란20,339000
72,http://www.giant-korea.com/product_view.php?idx=2520&p_type=giant&p_cate1=348&p_cate2=354,mini,../../img/thumbnails/mini/미니벨로_자이언트_익스프레스웨이1.jpg,자이언트,익스프레스웨이1,480000
73,http://www.giant-korea.com/product_view.php?idx=2519&p_type=giant&p_cate1=348&p_cate2=354,mini,../../img/thumbnails/mini/미니벨로_자이언트_익스프레스웨이2.jpg,자이언트,익스프레스웨이2,400000
74,https://www.samchuly.co.kr/index.php/bicycle/view?no=856&code=T002002&type=style&scrollTop=6600,hybrid,../../img/thumbnails/hybrid/하이브리드_삼천리_랩터.png,삼천리,렙터,195000
75,https://www.samchuly.co.kr/index.php/bicycle/view?no=847&code=T002002&type=style&scrollTop=3000,hybrid,../../img/thumbnails/hybrid/하이브리드_삼천리_모멘텀.png,삼천리,모멘텀,375000
76,https://www.samchuly.co.kr/index.php/bicycle/view?no=822&code=T002002&type=style&scrollTop=600,hybrid,../../img/thumbnails/hybrid/하이브리드_삼천리_브릭.png,삼천리,브릭,415000
77,https://www.samchuly.co.kr/index.php/bicycle/view?no=852&code=T002002&type=style&scrollTop=5100,hybrid,../../img/thumbnails/hybrid/하이브리드_삼천리_제오7.png,삼천리,제오7,225000
78,https://www.samchuly.co.kr/index.php/bicycle/view?no=849&code=T002002&type=style&scrollTop=3800,hybrid,../../img/thumbnails/hybrid/하이브리드_삼천리_토러스.png,삼천리,토러스,290000
79,https://www.samchuly.co.kr/index.php/bicycle/view?no=825&code=T002002&type=style&scrollTop=1400,hybrid,../../img/thumbnails/hybrid/하이브리드_삼천리_플레어.png,삼천리,플레어,650000
80,http://www.stacato.co.kr/productview.html?puid=131,hybrid,../../img/thumbnails/hybrid/하이브리드_스타카토_스털링421.png,스타카토,스털링421,230000
81,http://www.stacato.co.kr/productview.html?puid=128,hybrid,../../img/thumbnails/hybrid/하이브리드_스타카토_유나21.png,스타카토,유나21,170000
82,http://www.stacato.co.kr/productview.html?puid=134,hybrid,../../img/thumbnails/hybrid/하이브리드_스타카토_캐스케이드.png,스타카토,캐스케이드,280000
83,http://www.stacato.co.kr/productview.html?puid=135,hybrid,../../img/thumbnails/hybrid/하이브리드_스타카토_팀H1.png,스타카토,팀 H1,540000
84,http://www.altonsports.com/products/765?brandid=5,hybrid,../../img/thumbnails/hybrid/하이브리드_알톤_스피어21.jpg,알톤,스피어21,224000
85,http://www.altonsports.com/products/764?brandid=5,hybrid,../../img/thumbnails/hybrid/하이브리드_알톤_알씨티앤도24.jpg,알톤,알씨티 앤도24,435000
86,http://www.altonsports.com/products/763?brandid=5,hybrid,../../img/thumbnails/hybrid/하이브리드_알톤_탑원.jpg,알톤,탑원,339000
87,http://www.altonsports.com/products/766?brandid=5,hybrid,../../img/thumbnails/hybrid/하이브리드_알톤_퓨리어스.jpg,알톤,퓨리어스,286000
88,http://www.giant-korea.com/product_view.php?idx=2509&p_type=giant&p_cate1=355&p_cate2=362,hybrid,../../img/thumbnails/hybrid/하이브리드_자이언트_Roam3DISC.jpg,자이언트,ROAM 3 DISC,410000
89,http://www.giant-korea.com/product_view.php?idx=2514&p_type=giant&p_cate1=355&p_cate2=362,hybrid,../../img/thumbnails/hybrid/하이브리드_자이언트_ToughroadSLR0.jpg,자이언트,ToughRoad SLR 0,1550000
90,http://www.giant-korea.com/product_view.php?idx=2512&p_type=giant&p_cate1=355&p_cate2=362,hybrid,../../img/thumbnails/hybrid/하이브리드_자이언트_ToughroadSLRGX3.jpg,자이언트,ToughRoad SLR GX 3,1050000
91,https://www.samchuly.co.kr/index.php/bicycle/view?no=832&code=T002004&type=style&scrollTop=1928,fixie,../../img/thumbnails/fixie/픽시_삼천리_글라시어.png,삼천리,글라시어,350000
92,https://www.samchuly.co.kr/index.php/bicycle/view?no=830&code=T002003&type=style&scrollTop=2000,fixie,../../img/thumbnails/fixie/픽시_삼천리_레바테인.png,삼천리,레바테인,540000
93,https://www.samchuly.co.kr/index.php/bicycle/view?no=802&code=T002003&type=style&scrollTop=600,fixie,../../img/thumbnails/fixie/픽시_삼천리_아카이브.png,삼천리,아카이브,640000
94,https://www.samchuly.co.kr/index.php/bicycle/view?no=831&code=T002003&type=style&scrollTop=2800,fixie,../../img/thumbnails/fixie/픽시_삼천리_퀘이크.png,삼천리,퀘이크,430000
95,https://www.samchuly.co.kr/index.php/bicycle/view?no=857&code=T002003&type=style&scrollTop=1400,fixie,../../img/thumbnails/fixie/픽시_삼천리_크러쉬.png,삼천리,크러쉬,240000
96,http://www.stacato.co.kr/productview.html?puid=140,fixie,../../img/thumbnails/fixie/픽시_스타카토_미스티크.png,삼천리,미스티크,240000
